Calgary,AB,Canada
Edmonton,AB,Canada
Mississauga,ON,Canada
Montreal,QU,Canada
Ottawa,ON,Canada
Toronto,ON,Canada
Havana,,Cuba
Santiago,,Dominican Republic
Santo Domingo,,Dominican Republic
Guatemala City,,Guatemala
Tegucigalpa,,Honduras
Aguascalientes,,Mexico
Chihuahua,,Mexico
Guadalajara,,Mexico
Hermosillo,,Mexico
Juárez,,Mexico
León,,Mexico
Mexicali,,Mexico
Mexico City,,Mexico
Monterrey,,Mexico
Mérida,,Mexico
Naucalpan,,Mexico
Nezahualcóyotl,,Mexico
Puebla,,Mexico
Saltillo,,Mexico
San Luis Potosí,,Mexico
Santiago de Querétaro,,Mexico
Tijuana,,Mexico
Toluca,,Mexico
Zapopan,,Mexico
Managua,,Nicaragua
Panama City,,Panama
Austin,TX,USA
Charlotte,NC,USA
Chicago,IL,USA
Columbus,OH,USA
Dallas,TX,USA
Detroit,OH,USA
Fort Worth,TX,USA
Houston,TX,USA
Indianapolis,IN,USA
Jacksonville,FL,USA
Los Angeles,CA,USA
New York City,NY,USA
Philadelphia,PN,USA
Phoenix,AZ,USA
San Antonio,TX,USA
San Diego,CA,USA
San Francisco,CA,USA
San Jose,CA,USA